"proposed_source_record_id","forest_unit_id","forest_unit_name","document_role","document_title","official_link","existing_source_record_id","readiness_tier","draft_status","required_for","notes"
"R1PLAN-region-1-northern-region-01","region-1-northern-region","Northern Region","planning_landing_page","Northern Region planning landing page","https://www.fs.usda.gov/r01/planning","R1PLAN-region-1-northern-region-01","currentness_required","catalog_confirmed","Region 1 unit plan inventory, plan dates, planning-rule context, and ongoing monitoring currentness.","Current workbook row retained."
"R1PLAN-region-1-northern-region-02","region-1-northern-region","Northern Region","forest_unit_index","Northern Region forests and grasslands page","https://www.fs.usda.gov/r01/forests-grasslands","R1PLAN-region-1-northern-region-02","currentness_required","catalog_confirmed","Project-to-unit routing and Region 1 administrative-unit verification.","Current workbook row retained."
"R1PLAN-region-1-species-overlay-01","region-1-northern-region","Northern Region","species_of_conservation_concern_index","Region 1 Species of Conservation Concern page","https://www.fs.usda.gov/r01/planning/species-conservation-concern","R1PLAN-region-1-species-overlay-01","supporting_required","catalog_confirmed","2012 Planning Rule species-of-conservation-concern overlays for revised forest plans and active revisions.","Expand to forest-specific SCC lists when profile importer supports child documents."
"R1PLAN-region-1-species-overlay-02","region-1-northern-region","Northern Region","northern_rockies_lynx_direction","Northern Rockies Lynx Management Direction","https://www.fs.usda.gov/r01/animals-plants/animals/lynx-management-direction-northern-rockies","R1PLAN-region-1-species-overlay-02","conditional_required","catalog_confirmed","Project overlap with lynx habitat or forest-plan direction incorporating Northern Rockies lynx management direction.","Current workbook row retained."
"R1PLAN-region-1-grassland-overlay-01","region-1-northern-region","Northern Region","national_grassland_rule","36 CFR part 213 National Grassland / Bankhead-Jones administration","https://www.ecfr.gov/current/title-36/chapter-II/part-213","R1PLAN-region-1-grassland-overlay-01","conditional_required","catalog_confirmed","Dakota Prairie Grasslands and other National Grassland/Bankhead-Jones administration issues.","Current workbook row retained."
"R1PLAN-beaverhead-deerlodge-nf-01","beaverhead-deerlodge-nf","Beaverhead-Deerlodge National Forest","planning_page","Beaverhead-Deerlodge planning page","https://www.fs.usda.gov/r01/beaverhead-deerlodge/planning","R1PLAN-beaverhead-deerlodge-nf-01","currentness_required","catalog_confirmed","Forest-plan source index, amendments, monitoring reports, plan-level ESA records, and supporting documents.","Current workbook row retained."
"R1PLAN-beaverhead-deerlodge-nf-02","beaverhead-deerlodge-nf","Beaverhead-Deerlodge National Forest","primary_land_management_plan","2009 Beaverhead-Deerlodge Forest Plan PDF","https://www.fs.usda.gov/media/228236","R1PLAN-beaverhead-deerlodge-nf-02","core_required","catalog_confirmed","Forestwide, geographic-area, management-area, standard, guideline, objective, suitability, and monitoring component extraction.","Current workbook row retained."
"R1PLAN-beaverhead-deerlodge-nf-03","beaverhead-deerlodge-nf","Beaverhead-Deerlodge National Forest","final_environmental_impact_statement","Corrected FEIS","https://www.fs.usda.gov/media/43836","","core_required","source_delta_required","Plan-revision alternatives, affected environment, effects context, and support for plan component interpretation.","Direct official media link present on planning page."
"R1PLAN-beaverhead-deerlodge-nf-04","beaverhead-deerlodge-nf","Beaverhead-Deerlodge National Forest","record_of_decision","ROD 1","https://www.fs.usda.gov/media/44253","","core_required","source_delta_required","Plan approval, selected alternative, decision rationale, objection/appeal context, and retained commitments.","Direct official media link present on planning page."
"R1PLAN-beaverhead-deerlodge-nf-05","beaverhead-deerlodge-nf","Beaverhead-Deerlodge National Forest","record_of_decision","ROD 2","https://www.fs.usda.gov/media/44270","","supporting_required","source_delta_required","Second decision record needed to interpret the full 2009 decision package and follow-on plan direction.","Direct official media link present on planning page."
"R1PLAN-beaverhead-deerlodge-nf-06","beaverhead-deerlodge-nf","Beaverhead-Deerlodge National Forest","forest_plan_appendix","Appendix A","https://www.fs.usda.gov/media/44264","","supporting_required","source_delta_required","Plan appendices and supplemental plan direction not carried in the primary PDF row.","Direct official media link present on planning page."
"R1PLAN-beaverhead-deerlodge-nf-07","beaverhead-deerlodge-nf","Beaverhead-Deerlodge National Forest","forest_plan_appendix","Appendix B","https://www.fs.usda.gov/media/44246","","supporting_required","source_delta_required","Plan appendices and supplemental plan direction not carried in the primary PDF row.","Direct official media link present on planning page."
"R1PLAN-beaverhead-deerlodge-nf-08","beaverhead-deerlodge-nf","Beaverhead-Deerlodge National Forest","forest_plan_monitoring_program","The Monitoring Plan","https://www.fs.usda.gov/media/44294","","supporting_required","source_delta_required","Plan monitoring program, monitoring questions, indicators, and adaptive-management requirements.","Direct official media link present on planning page."
"R1PLAN-beaverhead-deerlodge-nf-09","beaverhead-deerlodge-nf","Beaverhead-Deerlodge National Forest","latest_biennial_monitoring_evaluation_report","2021 BMER","https://www.fs.usda.gov/media/43998","","currentness_required","source_delta_required","Most recent identified BMER on the official planning page for adaptive-management/currentness checks.","Confirm whether a newer BMER exists before promotion."
"R1PLAN-beaverhead-deerlodge-nf-10","beaverhead-deerlodge-nf","Beaverhead-Deerlodge National Forest","bmer_release_letter","BMER Release Letter","https://www.fs.usda.gov/media/44344","","currentness_required","source_delta_required","Release and responsible-official context for monitoring findings.","Direct official media link present on planning page."
"R1PLAN-beaverhead-deerlodge-nf-11","beaverhead-deerlodge-nf","Beaverhead-Deerlodge National Forest","plan_map","Forest Plan Interim Roads and Trails Map","https://www.fs.usda.gov/media/43869","","supporting_required","source_delta_required","Route, travel, and mapped plan-direction context for project-level consistency review.","Direct official media link present on planning page."
"R1PLAN-beaverhead-deerlodge-nf-12","beaverhead-deerlodge-nf","Beaverhead-Deerlodge National Forest","supplemental_environmental_impact_statement","2012 SEIS","https://www.fs.usda.gov/media/43917","","conditional_required","source_delta_required","Supplemental plan or travel/road direction when a project triggers affected routes, access, or plan-amendment history.","Direct official media link present on planning page."
"R1PLAN-beaverhead-deerlodge-nf-13","beaverhead-deerlodge-nf","Beaverhead-Deerlodge National Forest","supplemental_environmental_impact_statement","2014 SEIS","https://www.fs.usda.gov/media/44197","","conditional_required","source_delta_required","Supplemental plan or travel/road direction when a project triggers affected routes, access, or plan-amendment history.","Direct official media link present on planning page."
"R1PLAN-beaverhead-deerlodge-nf-14","beaverhead-deerlodge-nf","Beaverhead-Deerlodge National Forest","supplemental_decision_support","2014 Explanation Supporting Exclusion of Temporary Roads in OMRTD","https://www.fs.usda.gov/media/44451","","conditional_required","source_delta_required","Motorized route density or road/travel-plan interpretation when project facts trigger that issue.","Direct official media link present on planning page."
"R1PLAN-beaverhead-deerlodge-nf-15","beaverhead-deerlodge-nf","Beaverhead-Deerlodge National Forest","plan_amendment_decision","2025 BDNF Forest Plan Canada Lynx Amendment FONSI","https://www.fs.usda.gov/media/266974","","core_required","source_delta_required","Current plan-amendment decision affecting lynx direction and project-level plan consistency.","Direct official media link present on planning page."
"R1PLAN-beaverhead-deerlodge-nf-16","beaverhead-deerlodge-nf","Beaverhead-Deerlodge National Forest","plan_amendment_ea","2025 BDNF Forest Plan Canada Lynx Amendment EA","https://www.fs.usda.gov/media/266976","","supporting_required","source_delta_required","Current plan-amendment effects and alternatives behind lynx direction changes.","Direct official media link present on planning page."
"R1PLAN-beaverhead-deerlodge-nf-17","beaverhead-deerlodge-nf","Beaverhead-Deerlodge National Forest","plan_amendment_appendices","2025 BDNF Forest Plan Canada Lynx Amendment Appendices","https://www.fs.usda.gov/media/266975","","supporting_required","source_delta_required","Appendix support for current lynx amendment direction.","Direct official media link present on planning page."
"R1PLAN-beaverhead-deerlodge-nf-18","beaverhead-deerlodge-nf","Beaverhead-Deerlodge National Forest","biological_assessment","2021 BDNF Forest Plan Canada Lynx Biological Assessment","https://www.fs.usda.gov/media/43852","","core_required","source_delta_required","Plan-level ESA consultation and project-tiering context for lynx.","Direct official media link present on planning page."
"R1PLAN-beaverhead-deerlodge-nf-19","beaverhead-deerlodge-nf","Beaverhead-Deerlodge National Forest","biological_opinion","2021 BDNF Forest Plan Canada Lynx Biological Opinion","https://www.fs.usda.gov/media/44298","","core_required","source_delta_required","Plan-level ESA terms, incidental-take, and reinitiation triggers for lynx.","Direct official media link present on planning page."
"R1PLAN-beaverhead-deerlodge-nf-20","beaverhead-deerlodge-nf","Beaverhead-Deerlodge National Forest","biological_assessment_addendum","2025 Addendum to the 2021 Biological Assessment for Canada Lynx","https://www.fs.usda.gov/media/258970","","core_required","source_delta_required","Current plan-level ESA addendum tied to the 2025 lynx amendment.","Direct official media link present on planning page."
"R1PLAN-beaverhead-deerlodge-nf-21","beaverhead-deerlodge-nf","Beaverhead-Deerlodge National Forest","biological_opinion_addendum","2025 Addendum to the 2021 Biological Opinion for Canada Lynx","https://www.fs.usda.gov/media/258971","","core_required","source_delta_required","Current plan-level ESA addendum tied to the 2025 lynx amendment.","Direct official media link present on planning page."
"R1PLAN-beaverhead-deerlodge-nf-22","beaverhead-deerlodge-nf","Beaverhead-Deerlodge National Forest","biological_assessment","2025 BDNF Forest Plan Grizzly Bear Assessment","https://www.fs.usda.gov/media/266950","","conditional_required","source_delta_required","Grizzly-bear plan-level ESA context when a project triggers grizzly direction or habitat effects.","Direct official media link present on planning page."
"R1PLAN-beaverhead-deerlodge-nf-23","beaverhead-deerlodge-nf","Beaverhead-Deerlodge National Forest","biological_opinion","2025 BDNF Forest Plan Grizzly Bear Opinion","https://www.fs.usda.gov/media/266962","","conditional_required","source_delta_required","Grizzly-bear plan-level ESA terms and tiering context when a project triggers grizzly direction or habitat effects.","Direct official media link present on planning page."
"R1PLAN-beaverhead-deerlodge-nf-24","beaverhead-deerlodge-nf","Beaverhead-Deerlodge National Forest","biological_assessment","2012 BDNF Forest Plan Biological Assessment","https://www.fs.usda.gov/media/44146","","supporting_required","source_delta_required","Historic/current plan-level ESA basis where still cited by the active plan or amendments.","Direct official media link present on planning page."
"R1PLAN-beaverhead-deerlodge-nf-25","beaverhead-deerlodge-nf","Beaverhead-Deerlodge National Forest","biological_opinion","2013 BDNF Forest Plan Grizzly Bear Biological Opinion","https://www.fs.usda.gov/media/44220","","supporting_required","source_delta_required","Historic/current plan-level ESA basis where still cited by the active plan or amendments.","Direct official media link present on planning page."
"R1PLAN-bitterroot-nf-01","bitterroot-nf","Bitterroot National Forest","planning_page","Bitterroot planning page","https://www.fs.usda.gov/r01/bitterroot/planning","R1PLAN-bitterroot-nf-01","currentness_required","catalog_confirmed","Forest-plan source index, amendments, monitoring reports, and support-document currentness.","Current workbook row retained."
"R1PLAN-bitterroot-nf-02","bitterroot-nf","Bitterroot National Forest","primary_land_management_plan","1987 Bitterroot Forest Plan PDF","https://www.fs.usda.gov/media/44858","R1PLAN-bitterroot-nf-02","core_required","catalog_confirmed","Forestwide, management-area, standard, guideline, objective, suitability, and monitoring component extraction.","Current workbook row retained."
"R1PLAN-bitterroot-nf-03","bitterroot-nf","Bitterroot National Forest","forest_plan_amendments","Bitterroot Forest Plan Amendments 1-40","https://www.fs.usda.gov/media/238203","R1PLAN-bitterroot-nf-03","core_required","catalog_confirmed","Current plan direction as modified by amendments.","Current workbook row retained."
"R1PLAN-bitterroot-nf-04","bitterroot-nf","Bitterroot National Forest","final_environmental_impact_statement_volume_1","FEIS Volume I","https://www.fs.usda.gov/media/238202","","core_required","source_delta_required","Plan-revision alternatives, effects, and support for component interpretation.","Direct official media link present on planning page."
"R1PLAN-bitterroot-nf-05","bitterroot-nf","Bitterroot National Forest","final_environmental_impact_statement_volume_2","FEIS Volume II","https://www.fs.usda.gov/media/44854","","core_required","source_delta_required","Plan-revision alternatives, effects, and support for component interpretation.","Direct official media link present on planning page."
"R1PLAN-bitterroot-nf-06","bitterroot-nf","Bitterroot National Forest","record_of_decision","Record of Decision","https://www.fs.usda.gov/media/44958","","core_required","source_delta_required","Plan approval, selected alternative, decision rationale, and retained commitments.","Direct official media link present on planning page."
"R1PLAN-bitterroot-nf-07","bitterroot-nf","Bitterroot National Forest","monitoring_transition_letter","Monitoring transition letter to the public","https://www.fs.usda.gov/media/45294","","currentness_required","source_delta_required","Transition to 2012 Planning Rule monitoring and currentness checks.","Direct official media link present on planning page."
"R1PLAN-bitterroot-nf-08","bitterroot-nf","Bitterroot National Forest","monitoring_transition_information","Transition information","https://www.fs.usda.gov/media/44859","","currentness_required","source_delta_required","Monitoring-program transition details needed for adaptive-management checks.","Direct official media link present on planning page."
"R1PLAN-bitterroot-nf-09","bitterroot-nf","Bitterroot National Forest","bmer_release_letter","Public Release Letter - Biennial Monitoring Evaluation Report","https://www.fs.usda.gov/media/45121","","currentness_required","source_delta_required","Release context for the latest official BMER on the planning page.","Direct official media link present on planning page."
"R1PLAN-bitterroot-nf-10","bitterroot-nf","Bitterroot National Forest","latest_biennial_monitoring_evaluation_report","Biennial Forest Plan Monitoring and Evaluation Report","https://www.fs.usda.gov/media/44942","","currentness_required","source_delta_required","Most recent identified BMER on the official planning page for adaptive-management/currentness checks.","Confirm whether a newer BMER exists before promotion."
"R1PLAN-bitterroot-nf-11","bitterroot-nf","Bitterroot National Forest","plan_review","5 Year Review","https://www.fs.usda.gov/media/44875","","supporting_required","source_delta_required","Plan implementation and review context for older plan direction.","Direct official media link present on planning page."
"R1PLAN-bitterroot-nf-12","bitterroot-nf","Bitterroot National Forest","biological_consultation_record_gap","Plan-level ESA consultation source gap for the 1987 plan and amendments","https://www.fs.usda.gov/r01/bitterroot/planning","","gap_required","official_source_gap_documented","Completeness tracking for plan-level ESA consultation package before corpus promotion.","Current official Bitterroot planning page exposes plan, FEIS, ROD, amendments, and monitoring documents but not a direct plan-level BA/BO PDF; FWS catalogue lookup found project code 06E11000-2021-F-0020 for Bitterroot Forest Plan Amendment - Grizzly Bears and requires direct-record acquisition."
"R1PLAN-custer-gallatin-nf-01","custer-gallatin-nf","Custer Gallatin National Forest","planning_page","Custer Gallatin land management plan page","https://www.fs.usda.gov/r01/custergallatin/planning/forest-plan/custer-gallatin-land-management-plan-forest-plan-revision","R1PLAN-custer-gallatin-nf-01","currentness_required","catalog_confirmed","Forest-plan source index and support-document currentness.","Current workbook row retained."
"R1PLAN-custer-gallatin-nf-02","custer-gallatin-nf","Custer Gallatin National Forest","primary_land_management_plan","2022 Custer Gallatin Land Management Plan PDF","https://www.fs.usda.gov/media/51590","R1PLAN-custer-gallatin-nf-02","core_required","catalog_confirmed","Forestwide, geographic-area, management-area, overlay, standard, guideline, objective, suitability, and monitoring component extraction.","Current workbook row retained."
"R1PLAN-custer-gallatin-nf-03","custer-gallatin-nf","Custer Gallatin National Forest","record_of_decision","Custer Gallatin Land Management Plan Record of Decision PDF","https://www.fs.usda.gov/media/51931","R1PLAN-custer-gallatin-nf-03","core_required","catalog_confirmed","Plan approval, selected alternative, decision rationale, objection response, and retained commitments.","Current workbook row retained."
"R1PLAN-custer-gallatin-nf-04","custer-gallatin-nf","Custer Gallatin National Forest","final_environmental_impact_statement_volume_1","Custer Gallatin Land Management Plan Final Environmental Impact Statement Volume 1 PDF","https://www.fs.usda.gov/media/51188","R1PLAN-custer-gallatin-nf-04","core_required","catalog_confirmed","Purpose and need, alternatives, affected environment, and environmental consequences.","Current workbook row retained."
"R1PLAN-custer-gallatin-nf-05","custer-gallatin-nf","Custer Gallatin National Forest","final_environmental_impact_statement_volume_2","Custer Gallatin Land Management Plan Final Environmental Impact Statement Volume 2 PDF","https://www.fs.usda.gov/media/51354","R1PLAN-custer-gallatin-nf-05","core_required","catalog_confirmed","Affected environment continued, other disclosures, and supporting plan-effect context.","Current workbook row retained."
"R1PLAN-custer-gallatin-nf-06","custer-gallatin-nf","Custer Gallatin National Forest","biological_assessment","Custer Gallatin LMP Biological Assessment - Threatened, Endangered, Proposed, and Candidate Species PDF","https://www.fs.usda.gov/media/51397","R1PLAN-custer-gallatin-nf-06","core_required","catalog_confirmed","Plan-level ESA effects analysis and project-level consultation/tiering cues.","Current workbook row retained."
"R1PLAN-custer-gallatin-nf-07","custer-gallatin-nf","Custer Gallatin National Forest","biological_opinion","Custer Gallatin LMP Biological Opinion PDF","https://www.fs.usda.gov/media/51509","R1PLAN-custer-gallatin-nf-07","core_required","catalog_confirmed","Plan-level ESA consultation, terms, incidental-take, and reinitiation triggers.","Current workbook row retained."
"R1PLAN-custer-gallatin-nf-08","custer-gallatin-nf","Custer Gallatin National Forest","forest_plan_appendices","Appendices","https://www.fs.usda.gov/media/201998","","supporting_required","source_delta_required","Appendix plan direction, definitions, and support records not carried in the LMP PDF row.","Direct official media link present on planning page."
"R1PLAN-custer-gallatin-nf-09","custer-gallatin-nf","Custer Gallatin National Forest","feis_summary","Land Management Plan Final Environmental Impact Statement - Summary","https://www.fs.usda.gov/media/52076","","supporting_required","source_delta_required","Public-facing FEIS summary and effects context.","Direct official media link present on planning page."
"R1PLAN-custer-gallatin-nf-10","custer-gallatin-nf","Custer Gallatin National Forest","final_environmental_impact_statement_volume_3_maps","Final Environmental Impact Statement - Volume 3 - Maps","https://www.fs.usda.gov/media/225995","","supporting_required","source_delta_required","Mapped geographic areas, management areas, allocations, and overlays for plan context.","Direct official media link present on planning page."
"R1PLAN-custer-gallatin-nf-11","custer-gallatin-nf","Custer Gallatin National Forest","final_environmental_impact_statement_volume_4_response_to_comments","Final Environmental Impact Statement - Volume 4 - Response to Comments","https://www.fs.usda.gov/media/51642","","supporting_required","source_delta_required","Response-to-comments support for plan interpretation and issue history.","Direct official media link present on planning page."
"R1PLAN-custer-gallatin-nf-12","custer-gallatin-nf","Custer Gallatin National Forest","errata","Errata - Published March 30, 2022","https://www.fs.usda.gov/media/53735","","currentness_required","source_delta_required","Current corrected plan/FEIS document status.","Direct official media link present on planning page."
"R1PLAN-dakota-prairie-grasslands-01","dakota-prairie-grasslands","Dakota Prairie Grasslands","planning_page","Dakota Prairie Grasslands natural resources / LRMP page","https://www.fs.usda.gov/r01/dpg/natural-resources","R1PLAN-dakota-prairie-grasslands-01","currentness_required","catalog_confirmed","Grasslands LRMP source index, plan chapters, appendices, monitoring reports, and supplemental decisions.","Current workbook row retained."
"R1PLAN-dakota-prairie-grasslands-02","dakota-prairie-grasslands","Dakota Prairie Grasslands","region1_cross_check","Region 1 planning landing page cross-check for Dakota Prairie / all units","https://www.fs.usda.gov/r01/planning","R1PLAN-dakota-prairie-grasslands-02","currentness_required","catalog_confirmed","Cross-check Region 1 plan list and Dakota Prairie current plan status.","Current workbook/catalog should be reconciled because catalog has a different effective URL."
"R1PLAN-dakota-prairie-grasslands-03","dakota-prairie-grasslands","Dakota Prairie Grasslands","primary_land_resource_management_plan_part","Title Page","https://www.fs.usda.gov/media/62318","","core_required","source_delta_required","Dakota Prairie LRMP is split into separate plan files; all plan parts are needed for component extraction.","Direct official media link present on natural resources page."
"R1PLAN-dakota-prairie-grasslands-04","dakota-prairie-grasslands","Dakota Prairie Grasslands","primary_land_resource_management_plan_part","Preface","https://www.fs.usda.gov/media/62263","","core_required","source_delta_required","Dakota Prairie LRMP is split into separate plan files; all plan parts are needed for component extraction.","Direct official media link present on natural resources page."
"R1PLAN-dakota-prairie-grasslands-05","dakota-prairie-grasslands","Dakota Prairie Grasslands","primary_land_resource_management_plan_part","Chapter 1 - Grassland-Wide Direction","https://www.fs.usda.gov/media/238440","","core_required","source_delta_required","Grassland-wide desired conditions, standards, guidelines, and objectives.","Direct official media link present on natural resources page."
"R1PLAN-dakota-prairie-grasslands-06","dakota-prairie-grasslands","Dakota Prairie Grasslands","primary_land_resource_management_plan_part","Chapter 2 - Geographic Area Direction","https://www.fs.usda.gov/media/238437","","core_required","source_delta_required","Geographic-area direction needed to resolve project location and plan consistency.","Direct official media link present on natural resources page."
"R1PLAN-dakota-prairie-grasslands-07","dakota-prairie-grasslands","Dakota Prairie Grasslands","primary_land_resource_management_plan_part","Chapter 3 - Management Area Direction","https://www.fs.usda.gov/media/238436","","core_required","source_delta_required","Management-area direction needed to resolve project location and plan consistency.","Direct official media link present on natural resources page."
"R1PLAN-dakota-prairie-grasslands-08","dakota-prairie-grasslands","Dakota Prairie Grasslands","forest_plan_monitoring_program","Chapter 4 - LRMP Monitoring Plan","https://www.fs.usda.gov/media/238435","","supporting_required","source_delta_required","Monitoring questions, indicators, and adaptive-management requirements.","Direct official media link present on natural resources page."
"R1PLAN-dakota-prairie-grasslands-09","dakota-prairie-grasslands","Dakota Prairie Grasslands","forest_plan_appendix","Appendix A - Air Quality","https://www.fs.usda.gov/media/238446","","supporting_required","source_delta_required","LRMP appendix support for resource methods, plan direction, and grassland-wide review.","Direct official media link present on Dakota Prairie LRMP page; expands prior Appendices A-N bundle placeholder."
"R1PLAN-dakota-prairie-grasslands-10","dakota-prairie-grasslands","Dakota Prairie Grasslands","final_environmental_impact_statement","Final Environmental Impact Statement for Northern Great Plains Management Plans Revision May 2001","https://www.fs.usda.gov/media/246390","","core_required","source_delta_required","Plan-revision alternatives, affected environment, effects, and cross-grassland decision context.","Direct official media link present on natural resources page."
"R1PLAN-dakota-prairie-grasslands-11","dakota-prairie-grasslands","Dakota Prairie Grasslands","final_environmental_impact_statement_appendices","Appendices - Final Environmental Impact Statement Northern Great Plains Management","https://www.fs.usda.gov/media/246391","","supporting_required","source_delta_required","FEIS appendix support for plan-revision analysis.","Direct official media link present on natural resources page."
"R1PLAN-dakota-prairie-grasslands-12","dakota-prairie-grasslands","Dakota Prairie Grasslands","final_environmental_impact_statement","Dakota Prairie Grasslands Final Environmental Impact Statement July 2002","https://www.fs.usda.gov/media/238475","","supporting_required","source_delta_required","Grasslands-specific FEIS support where it differs from the Northern Great Plains management-plan FEIS row.","Direct official media link present on natural resources page."
"R1PLAN-dakota-prairie-grasslands-13","dakota-prairie-grasslands","Dakota Prairie Grasslands","feis_addendum","Addendum for the Final Environmental Impact Statement and Land Resource Management Plan 2001","https://www.fs.usda.gov/media/238478","","supporting_required","source_delta_required","Addendum support for plan interpretation and currentness.","Direct official media link present on natural resources page."
"R1PLAN-dakota-prairie-grasslands-14","dakota-prairie-grasslands","Dakota Prairie Grasslands","supplemental_environmental_impact_statement","Final Supplemental Environmental Impact Statement for Oil and Gas Leasing 2020","https://www.fs.usda.gov/media/238479","","conditional_required","source_delta_required","Oil and gas leasing direction when project facts trigger minerals, leasing, or stipulation review.","Direct official media link present on natural resources page."
"R1PLAN-dakota-prairie-grasslands-15","dakota-prairie-grasslands","Dakota Prairie Grasslands","record_of_decision","Record of Decision for Oil and Gas Leasing 2020","https://www.fs.usda.gov/media/238481","","conditional_required","source_delta_required","Oil and gas leasing decision direction when project facts trigger minerals, leasing, or stipulation review.","Direct official media link present on natural resources page."
"R1PLAN-dakota-prairie-grasslands-16","dakota-prairie-grasslands","Dakota Prairie Grasslands","administrative_change","20240801 - DPG - Elkhorn Ranchlands - Planning Admin Change","https://www.fs.usda.gov/media/62112","","core_required","source_delta_required","Current administrative change affecting plan direction and project-level consistency.","Direct official media link present on natural resources page."
"R1PLAN-dakota-prairie-grasslands-17","dakota-prairie-grasslands","Dakota Prairie Grasslands","forest_plan_monitoring_program","Grasslands Plan Monitoring Program - 2023","https://www.fs.usda.gov/media/234779","","currentness_required","source_delta_required","Updated monitoring program for currentness and adaptive-management checks.","Direct official media link present on natural resources page."
"R1PLAN-dakota-prairie-grasslands-18","dakota-prairie-grasslands","Dakota Prairie Grasslands","latest_biennial_monitoring_evaluation_report","2023 - Biennial Monitoring Evaluation Report","https://www.fs.usda.gov/media/238398","","currentness_required","source_delta_required","Most recent identified BMER on the official page.","Confirm whether a newer BMER exists before promotion."
"R1PLAN-dakota-prairie-grasslands-19","dakota-prairie-grasslands","Dakota Prairie Grasslands","forest_plan_appendix","Appendix B - Allotment Management Plan Contents","https://www.fs.usda.gov/media/238447","","supporting_required","source_delta_required","LRMP appendix support for resource methods, plan direction, and grassland-wide review.","Direct official media link present on Dakota Prairie LRMP page; expands prior Appendices A-N bundle placeholder."
"R1PLAN-dakota-prairie-grasslands-20","dakota-prairie-grasslands","Dakota Prairie Grasslands","forest_plan_appendix","Appendix C - Fire Management Plan","https://www.fs.usda.gov/media/238448","","supporting_required","source_delta_required","LRMP appendix support for resource methods, plan direction, and grassland-wide review.","Direct official media link present on Dakota Prairie LRMP page; expands prior Appendices A-N bundle placeholder."
"R1PLAN-dakota-prairie-grasslands-21","dakota-prairie-grasslands","Dakota Prairie Grasslands","forest_plan_appendix","Appendix D - Oil and Gas Leasing Stipulations","https://www.fs.usda.gov/media/238456","","supporting_required","source_delta_required","LRMP appendix support for resource methods, plan direction, and grassland-wide review.","Direct official media link present on Dakota Prairie LRMP page; expands prior Appendices A-N bundle placeholder."
"R1PLAN-dakota-prairie-grasslands-22","dakota-prairie-grasslands","Dakota Prairie Grasslands","forest_plan_appendix","Appendix E - Permits","https://www.fs.usda.gov/media/238458","","supporting_required","source_delta_required","LRMP appendix support for resource methods, plan direction, and grassland-wide review.","Direct official media link present on Dakota Prairie LRMP page; expands prior Appendices A-N bundle placeholder."
"R1PLAN-dakota-prairie-grasslands-23","dakota-prairie-grasslands","Dakota Prairie Grasslands","forest_plan_appendix","Appendix F - Rangeland Ecosystem Analysis","https://www.fs.usda.gov/media/238460","","supporting_required","source_delta_required","LRMP appendix support for resource methods, plan direction, and grassland-wide review.","Direct official media link present on Dakota Prairie LRMP page; expands prior Appendices A-N bundle placeholder."
"R1PLAN-dakota-prairie-grasslands-24","dakota-prairie-grasslands","Dakota Prairie Grasslands","forest_plan_appendix","Appendix G - Recreation Opportunity Spectrum","https://www.fs.usda.gov/media/238461","","supporting_required","source_delta_required","LRMP appendix support for resource methods, plan direction, and grassland-wide review.","Direct official media link present on Dakota Prairie LRMP page; expands prior Appendices A-N bundle placeholder."
"R1PLAN-dakota-prairie-grasslands-25","dakota-prairie-grasslands","Dakota Prairie Grasslands","forest_plan_appendix","Appendix H - Research Natural Areas","https://www.fs.usda.gov/media/238462","","supporting_required","source_delta_required","LRMP appendix support for resource methods, plan direction, and grassland-wide review.","Direct official media link present on Dakota Prairie LRMP page; expands prior Appendices A-N bundle placeholder."
"R1PLAN-dakota-prairie-grasslands-26","dakota-prairie-grasslands","Dakota Prairie Grasslands","forest_plan_appendix","Appendix I - Scenery Management System","https://www.fs.usda.gov/media/238468","","supporting_required","source_delta_required","LRMP appendix support for resource methods, plan direction, and grassland-wide review.","Direct official media link present on Dakota Prairie LRMP page; expands prior Appendices A-N bundle placeholder."
"R1PLAN-dakota-prairie-grasslands-27","dakota-prairie-grasslands","Dakota Prairie Grasslands","forest_plan_appendix","Appendix J - Species","https://www.fs.usda.gov/media/238469","","supporting_required","source_delta_required","LRMP appendix support for resource methods, plan direction, and grassland-wide review.","Direct official media link present on Dakota Prairie LRMP page; expands prior Appendices A-N bundle placeholder."
"R1PLAN-dakota-prairie-grasslands-28","dakota-prairie-grasslands","Dakota Prairie Grasslands","forest_plan_appendix","Appendix K - Suitable Uses","https://www.fs.usda.gov/media/238470","","supporting_required","source_delta_required","LRMP appendix support for resource methods, plan direction, and grassland-wide review.","Direct official media link present on Dakota Prairie LRMP page; expands prior Appendices A-N bundle placeholder."
"R1PLAN-dakota-prairie-grasslands-29","dakota-prairie-grasslands","Dakota Prairie Grasslands","forest_plan_appendix","Appendix L - Travel Management","https://www.fs.usda.gov/media/238471","","supporting_required","source_delta_required","LRMP appendix support for resource methods, plan direction, and grassland-wide review.","Direct official media link present on Dakota Prairie LRMP page; expands prior Appendices A-N bundle placeholder."
"R1PLAN-dakota-prairie-grasslands-30","dakota-prairie-grasslands","Dakota Prairie Grasslands","forest_plan_appendix","Appendix M - Vegetation","https://www.fs.usda.gov/media/238472","","supporting_required","source_delta_required","LRMP appendix support for resource methods, plan direction, and grassland-wide review.","Direct official media link present on Dakota Prairie LRMP page; expands prior Appendices A-N bundle placeholder."
"R1PLAN-dakota-prairie-grasslands-31","dakota-prairie-grasslands","Dakota Prairie Grasslands","forest_plan_appendix","Appendix N - Water","https://www.fs.usda.gov/media/238473","","supporting_required","source_delta_required","LRMP appendix support for resource methods, plan direction, and grassland-wide review.","Direct official media link present on Dakota Prairie LRMP page; expands prior Appendices A-N bundle placeholder."
"R1PLAN-flathead-nf-01","flathead-nf","Flathead National Forest","planning_page","Flathead Forest Plan page","https://www.fs.usda.gov/r01/flathead/planning/forest-plan","R1PLAN-flathead-nf-01","currentness_required","catalog_confirmed","Forest-plan source index, public reading room, BMER context, and currentness.","Current workbook row retained."
"R1PLAN-flathead-nf-02","flathead-nf","Flathead National Forest","primary_land_management_plan","2018 Revised Land Management Plan","https://usfs-public.app.box.com/s/hdlk4uckwwa9mhtzal4tvikw3ayf7qh0/file/1801300506566","","core_required","source_delta_required","Forest-plan direction, standards, guidelines, and monitoring context.","Official Flathead public reading-room Box file; downloader resolves PDF bytes through box_public_file_download adapter."
"R1PLAN-flathead-nf-03","flathead-nf","Flathead National Forest","record_of_decision","2018 Forest Plan Record of Decision","https://usfs-public.app.box.com/s/hdlk4uckwwa9mhtzal4tvikw3ayf7qh0/file/1783379015826","","core_required","source_delta_required","Decision rationale, selected alternative, objection/approval context, and plan adoption.","Official Flathead public reading-room Box file; downloader resolves PDF bytes through box_public_file_download adapter."
"R1PLAN-flathead-nf-04","flathead-nf","Flathead National Forest","final_environmental_impact_statement_volume_1_part_1","Final EIS Volume 1 Part 1","https://usfs-public.app.box.com/s/hdlk4uckwwa9mhtzal4tvikw3ayf7qh0/file/1783379437777","","core_required","source_delta_required","NEPA alternatives, affected environment, effects, and plan-component support.","Official Flathead public reading-room Box file; downloader resolves PDF bytes through box_public_file_download adapter."
"R1PLAN-flathead-nf-05","flathead-nf","Flathead National Forest","final_environmental_impact_statement_appendices","Final EIS Volume 4 Appendices and Glossary excluding maps","https://usfs-public.app.box.com/s/hdlk4uckwwa9mhtzal4tvikw3ayf7qh0/file/1783381004516","","supporting_required","source_delta_required","Appendix methods, glossary, and supporting analysis for plan interpretation.","Official Flathead public reading-room Box file; downloader resolves PDF bytes through box_public_file_download adapter."
"R1PLAN-flathead-nf-06","flathead-nf","Flathead National Forest","biological_assessment","Biological Assessment for the Flathead National Forest Plan","https://usfs-public.app.box.com/s/hdlk4uckwwa9mhtzal4tvikw3ayf7qh0/file/1800368595604","","core_required","source_delta_required","ESA effects support and consultation record for plan-level review.","Official Flathead public reading-room Box file; downloader resolves PDF bytes through box_public_file_download adapter."
"R1PLAN-flathead-nf-07","flathead-nf","Flathead National Forest","biological_opinion","Biological Opinion on the Revised Forest Plan","https://usfs-public.app.box.com/s/hdlk4uckwwa9mhtzal4tvikw3ayf7qh0/file/1800359764158","","core_required","source_delta_required","ESA consultation findings and terms/conditions for plan-level review.","Official Flathead public reading-room Box file; downloader resolves PDF bytes through box_public_file_download adapter."
"R1PLAN-flathead-nf-08","flathead-nf","Flathead National Forest","forest_plan_monitoring_program","Revised Land Management Plan Chapter 5 Monitoring Program","https://usfs-public.app.box.com/s/hdlk4uckwwa9mhtzal4tvikw3ayf7qh0/file/1783395243725","","supporting_required","source_delta_required","Monitoring questions, indicators, and adaptive-management context.","Official Flathead public reading-room Box file; downloader resolves PDF bytes through box_public_file_download adapter."
"R1PLAN-flathead-nf-09","flathead-nf","Flathead National Forest","latest_biennial_monitoring_evaluation_report","Biennial Monitoring Evaluation Report 2019-2020","https://usfs-public.app.box.com/s/hdlk4uckwwa9mhtzal4tvikw3ayf7qh0/file/1783402479988","","currentness_required","source_delta_required","Latest located monitoring evaluation context for currentness checks.","Official Flathead public reading-room Box file; downloader resolves PDF bytes through box_public_file_download adapter."
"R1PLAN-flathead-nf-10","flathead-nf","Flathead National Forest","administrative_change","Administrative Change to the 2018 Revised Land Management Plan","https://usfs-public.app.box.com/s/hdlk4uckwwa9mhtzal4tvikw3ayf7qh0/file/1801293632560","","currentness_required","source_delta_required","Current plan text and amendment/admin-change traceability.","Official Flathead public reading-room Box file; downloader resolves PDF bytes through box_public_file_download adapter."
"R1PLAN-flathead-nf-11","flathead-nf","Flathead National Forest","record_of_decision_cover_letter","Record of Decision Cover Letter","https://usfs-public.app.box.com/s/hdlk4uckwwa9mhtzal4tvikw3ayf7qh0/file/1783379360823","","supporting_required","source_delta_required","Decision transmittal and public-notice context.","Official Flathead public reading-room Box file; downloader resolves PDF bytes through box_public_file_download adapter."
"R1PLAN-flathead-nf-12","flathead-nf","Flathead National Forest","final_environmental_impact_statement_volume_2","Final EIS Volume 2 Response to Comments","https://usfs-public.app.box.com/s/hdlk4uckwwa9mhtzal4tvikw3ayf7qh0/file/1783391599116","","supporting_required","source_delta_required","Public-comment response and issue-resolution context.","Official Flathead public reading-room Box file; downloader resolves PDF bytes through box_public_file_download adapter."
"R1PLAN-flathead-nf-13","flathead-nf","Flathead National Forest","final_environmental_impact_statement_volume_3","Final EIS Volume 3 Forest Plan Amendments","https://usfs-public.app.box.com/s/hdlk4uckwwa9mhtzal4tvikw3ayf7qh0/file/1783380709450","","supporting_required","source_delta_required","Plan-amendment effects and cross-plan consistency context.","Official Flathead public reading-room Box file; downloader resolves PDF bytes through box_public_file_download adapter."
"R1PLAN-flathead-nf-14","flathead-nf","Flathead National Forest","feis_map_appendix_part_1","Final EIS Volume 4 Appendix 1 Maps Part 1","https://usfs-public.app.box.com/s/hdlk4uckwwa9mhtzal4tvikw3ayf7qh0/file/1783391538685","","supporting_required","source_delta_required","Spatial plan context for management areas, alternatives, and project-location review.","Official Flathead public reading-room Box file; downloader resolves PDF bytes through box_public_file_download adapter."
"R1PLAN-flathead-nf-15","flathead-nf","Flathead National Forest","feis_map_appendix_part_2","Final EIS Volume 4 Appendix 1 Maps Part 2","https://usfs-public.app.box.com/s/hdlk4uckwwa9mhtzal4tvikw3ayf7qh0/file/1783394223982","","supporting_required","source_delta_required","Spatial plan context for management areas, alternatives, and project-location review.","Official Flathead public reading-room Box file; downloader resolves PDF bytes through box_public_file_download adapter."
"R1PLAN-flathead-nf-16","flathead-nf","Flathead National Forest","biological_opinion","Revised Programmatic Biological Opinion on the Flathead National Forest Land Management Plan","https://usfs-public.app.box.com/s/hdlk4uckwwa9mhtzal4tvikw3ayf7qh0/file/1783396592662","","core_required","source_delta_required","Updated programmatic ESA consultation context for plan-level review.","Official Flathead public reading-room Box file; downloader resolves PDF bytes through box_public_file_download adapter."
"R1PLAN-flathead-nf-17","flathead-nf","Flathead National Forest","bmer_release_letter","Biennial Monitoring Evaluation Report Public Letter","https://usfs-public.app.box.com/s/hdlk4uckwwa9mhtzal4tvikw3ayf7qh0/file/1783401609574","","currentness_required","source_delta_required","Public release context for latest located monitoring evaluation report.","Official Flathead public reading-room Box file; downloader resolves PDF bytes through box_public_file_download adapter."
"R1PLAN-helena-lewis-and-clark-nf-01","helena-lewis-and-clark-nf","Helena-Lewis and Clark National Forest","planning_page","2021 Forest Plan, Final EIS and ROD page","https://www.fs.usda.gov/r01/helena-lewisclark/natural-resources/forest-management/2021-forest-plan-final-eis-and-record-0","R1PLAN-helena-lewis-and-clark-nf-01","currentness_required","catalog_confirmed","Forest-plan source index, ROD, FEIS, plan, biological records, and monitoring currentness.","Current workbook row retained."
"R1PLAN-helena-lewis-and-clark-nf-02","helena-lewis-and-clark-nf","Helena-Lewis and Clark National Forest","primary_land_management_plan","2021 Land Management Plan PDF","https://www.fs.usda.gov/media/214540","R1PLAN-helena-lewis-and-clark-nf-02","core_required","catalog_confirmed","Forestwide, geographic-area, management-area, overlay, standard, guideline, objective, suitability, and monitoring component extraction.","Current workbook row retained."
"R1PLAN-helena-lewis-and-clark-nf-03","helena-lewis-and-clark-nf","Helena-Lewis and Clark National Forest","record_of_decision","Forest Plan Record of Decision","https://www.fs.usda.gov/media/244829","","core_required","source_delta_required","Plan approval, selected alternative, decision rationale, and retained commitments.","Direct official media link present on 2021 Forest Plan page."
"R1PLAN-helena-lewis-and-clark-nf-04","helena-lewis-and-clark-nf","Helena-Lewis and Clark National Forest","feis_summary","FEIS Summary","https://www.fs.usda.gov/media/214104","","supporting_required","source_delta_required","Public-facing FEIS summary and effects context.","Direct official media link present on 2021 Forest Plan page."
"R1PLAN-helena-lewis-and-clark-nf-05","helena-lewis-and-clark-nf","Helena-Lewis and Clark National Forest","final_environmental_impact_statement_volume_1","FEIS Volume 1","https://www.fs.usda.gov/media/214247","","core_required","source_delta_required","FEIS chapters and resource effects supporting plan interpretation.","Direct official media link present on 2021 Forest Plan page."
"R1PLAN-helena-lewis-and-clark-nf-06","helena-lewis-and-clark-nf","Helena-Lewis and Clark National Forest","final_environmental_impact_statement_volume_2","FEIS Volume 2","https://www.fs.usda.gov/media/214248","","core_required","source_delta_required","FEIS chapters and resource effects supporting plan interpretation.","Direct official media link present on 2021 Forest Plan page."
"R1PLAN-helena-lewis-and-clark-nf-07","helena-lewis-and-clark-nf","Helena-Lewis and Clark National Forest","final_environmental_impact_statement_volume_3_maps","FEIS Volume 3 - Appendix A Maps","https://www.fs.usda.gov/media/234487","","supporting_required","source_delta_required","Mapped plan areas, allocations, and overlays.","Direct official media link present on 2021 Forest Plan page."
"R1PLAN-helena-lewis-and-clark-nf-08","helena-lewis-and-clark-nf","Helena-Lewis and Clark National Forest","final_environmental_impact_statement_volume_4_appendices","FEIS Volume 4 - Appendices B-F","https://www.fs.usda.gov/media/214552","","supporting_required","source_delta_required","Methodologies, aquatic information, supplemental species information, recommended wilderness, and WSR eligibility support.","Direct official media link present on 2021 Forest Plan page."
"R1PLAN-helena-lewis-and-clark-nf-09","helena-lewis-and-clark-nf","Helena-Lewis and Clark National Forest","final_environmental_impact_statement_volume_5_appendices","FEIS Volume 5 - Appendices G-K","https://www.fs.usda.gov/media/214267","","supporting_required","source_delta_required","Response to comments, vegetation/wildlife/timber methods, NRV analysis, climate/carbon, and other FEIS support.","Direct official media link present on 2021 Forest Plan page."
"R1PLAN-helena-lewis-and-clark-nf-10","helena-lewis-and-clark-nf","Helena-Lewis and Clark National Forest","biological_evaluation","Biological Evaluation for Sensitive Species","https://www.fs.usda.gov/media/214094","","supporting_required","source_delta_required","Sensitive-species plan-level effects support and project-tiering context.","Direct official media link present on 2021 Forest Plan page."
"R1PLAN-helena-lewis-and-clark-nf-11","helena-lewis-and-clark-nf","Helena-Lewis and Clark National Forest","biological_evaluation_supplement","Biological Evaluation Supplemental Information Spreadsheet","https://www.fs.usda.gov/media/214101","","supporting_required","source_delta_required","Supplemental sensitive-species plan-level effects support.","Direct official media link present on 2021 Forest Plan page."
"R1PLAN-helena-lewis-and-clark-nf-12","helena-lewis-and-clark-nf","Helena-Lewis and Clark National Forest","biological_assessment","Revised Biological Assessment for Grizzly Bears","https://www.fs.usda.gov/media/241070","","core_required","source_delta_required","Plan-level ESA effects analysis and project-level consultation/tiering cues for grizzly bears.","Direct official media link present on 2021 Forest Plan page."
"R1PLAN-helena-lewis-and-clark-nf-13","helena-lewis-and-clark-nf","Helena-Lewis and Clark National Forest","biological_opinion","Biological Opinion on the Effects of the 2021 Forest Plan on Grizzly Bears","https://www.fs.usda.gov/media/241069","","core_required","source_delta_required","Plan-level ESA consultation, terms, incidental-take, and reinitiation triggers for grizzly bears.","Direct official media link present on 2021 Forest Plan page."
"R1PLAN-helena-lewis-and-clark-nf-14","helena-lewis-and-clark-nf","Helena-Lewis and Clark National Forest","latest_biennial_monitoring_evaluation_report","Biennial Monitoring Evaluation Report draft","https://www.fs.usda.gov/media/264215","","currentness_required","source_delta_required","Latest identified monitoring report on official page for adaptive-management/currentness checks.","Draft report; verify final status before promotion."
"R1PLAN-idaho-panhandle-nfs-01","idaho-panhandle-nfs","Idaho Panhandle National Forests","planning_page","Idaho Panhandle planning page","https://www.fs.usda.gov/r01/idahopanhandle/planning","R1PLAN-idaho-panhandle-nfs-01","currentness_required","catalog_confirmed","Forest-plan source index, ROD, FEIS, plan, consultation records, amendments, and monitoring currentness.","Current workbook row retained."
"R1PLAN-idaho-panhandle-nfs-02","idaho-panhandle-nfs","Idaho Panhandle National Forests","primary_land_management_plan","2015 Idaho Panhandle Land Management Plan PDF","https://www.fs.usda.gov/media/229751","R1PLAN-idaho-panhandle-nfs-02","core_required","catalog_confirmed","Forestwide, geographic-area, management-area, overlay, standard, guideline, objective, suitability, and monitoring component extraction.","Current workbook row retained."
"R1PLAN-idaho-panhandle-nfs-03","idaho-panhandle-nfs","Idaho Panhandle National Forests","record_of_decision","Final Record of Decision","https://www.fs.usda.gov/media/229750","","core_required","source_delta_required","Plan approval, selected alternative, decision rationale, and retained commitments.","Direct official media link present on planning page."
"R1PLAN-idaho-panhandle-nfs-04","idaho-panhandle-nfs","Idaho Panhandle National Forests","final_environmental_impact_statement","Final EIS 2013","https://www.fs.usda.gov/media/229752","","core_required","source_delta_required","Plan-revision alternatives, affected environment, effects, and support for component interpretation.","Direct official media link present on planning page."
"R1PLAN-idaho-panhandle-nfs-05","idaho-panhandle-nfs","Idaho Panhandle National Forests","final_environmental_impact_statement_appendices","Final EIS Appendices 2013","https://www.fs.usda.gov/media/229754","","supporting_required","source_delta_required","FEIS appendix support for plan interpretation and resource methods.","Direct official media link present on planning page."
"R1PLAN-idaho-panhandle-nfs-06","idaho-panhandle-nfs","Idaho Panhandle National Forests","feis_errata","Final EIS Errata","https://www.fs.usda.gov/media/229756","","currentness_required","source_delta_required","Corrected FEIS/currentness support.","Direct official media link present on planning page."
"R1PLAN-idaho-panhandle-nfs-07","idaho-panhandle-nfs","Idaho Panhandle National Forests","plan_map","2015 Forest Plan North Map","https://www.fs.usda.gov/media/229760","","supporting_required","source_delta_required","Mapped plan areas, allocations, and overlays.","Direct official media link present on planning page."
"R1PLAN-idaho-panhandle-nfs-08","idaho-panhandle-nfs","Idaho Panhandle National Forests","plan_map","2015 Forest Plan South Map","https://www.fs.usda.gov/media/229761","","supporting_required","source_delta_required","Mapped plan areas, allocations, and overlays.","Direct official media link present on planning page."
"R1PLAN-idaho-panhandle-nfs-09","idaho-panhandle-nfs","Idaho Panhandle National Forests","timber_suitability_map","2015 Forest Plan Timber Suitability","https://www.fs.usda.gov/media/229763","","supporting_required","source_delta_required","Timber suitability mapping for project-level plan consistency.","Direct official media link present on planning page."
"R1PLAN-idaho-panhandle-nfs-10","idaho-panhandle-nfs","Idaho Panhandle National Forests","biological_opinion_transmittal_letter","Biological Opinion Transmittal Letter for 2015 Plan Consultation","https://www.fs.usda.gov/media/229766","","core_required","source_delta_required","ESA consultation record and chapter routing for the 2015 plan.","Direct official media link present on Idaho Panhandle planning page; expands prior BO chapter bundle placeholder."
"R1PLAN-idaho-panhandle-nfs-11","idaho-panhandle-nfs","Idaho Panhandle National Forests","biological_opinion","BO addressing the Effects of the IPNF Forest Plan on the Grizzly Bear, August 13, 2020","https://www.fs.usda.gov/media/229947","","core_required","source_delta_required","Current/reinitiated plan-level ESA terms, incidental-take, and reinitiation triggers for grizzly bear.","Direct official media link present on planning page."
"R1PLAN-idaho-panhandle-nfs-12","idaho-panhandle-nfs","Idaho Panhandle National Forests","biological_opinion","BO addressing the IPNF Land and Resource Management Plan on the Grizzly Bear","https://www.fs.usda.gov/media/229956","","core_required","source_delta_required","Current/reinitiated plan-level ESA terms, incidental-take, and reinitiation triggers for grizzly bear.","Direct official media link present on planning page."
"R1PLAN-idaho-panhandle-nfs-13","idaho-panhandle-nfs","Idaho Panhandle National Forests","forest_plan_amendment","Forest Plan Amendments for Motorized Access Management within the Selkirk and Cabinet-Yaak Grizzly Bear Recovery Zone 2011","https://www.fs.usda.gov/r01/idahopanhandle/projects/archive/24882","","conditional_required","source_delta_required","Motorized access/grizzly-bear recovery-zone direction when a project triggers BORZ or grizzly habitat direction.","Official project archive link present on planning page."
"R1PLAN-idaho-panhandle-nfs-14","idaho-panhandle-nfs","Idaho Panhandle National Forests","forest_plan_monitoring_guide","2015 Forest Plan Monitoring Guide V2","https://www.fs.usda.gov/media/230008","","supporting_required","source_delta_required","Monitoring questions, indicators, and adaptive-management requirements.","Direct official media link present on planning page."
"R1PLAN-idaho-panhandle-nfs-15","idaho-panhandle-nfs","Idaho Panhandle National Forests","latest_monitoring_and_evaluation_report","2022 Forest Plan Monitoring and Evaluation Report","https://www.fs.usda.gov/media/241656","","currentness_required","source_delta_required","Most recent identified monitoring/evaluation report on official planning page.","Confirm whether a newer BMER exists before promotion."
"R1PLAN-idaho-panhandle-nfs-16","idaho-panhandle-nfs","Idaho Panhandle National Forests","administrative_change","Forest Plan BORZ Administrative Change","https://www.fs.usda.gov/media/230012","","conditional_required","source_delta_required","BORZ direction and grizzly-bear security context when project facts trigger BORZ/geography.","Direct official media link present on planning page."
"R1PLAN-idaho-panhandle-nfs-17","idaho-panhandle-nfs","Idaho Panhandle National Forests","administrative_change","Administrative Change to Forest Plan standard FW-STD-TBR-04","https://www.fs.usda.gov/media/230013","","core_required","source_delta_required","Current correction/change to an enforceable plan standard.","Direct official media link present on planning page."
"R1PLAN-idaho-panhandle-nfs-18","idaho-panhandle-nfs","Idaho Panhandle National Forests","biological_opinion_chapter","Biological Opinion Chapter 1","https://www.fs.usda.gov/media/229768","","core_required","source_delta_required","ESA consultation findings, terms, conditions, and species-specific plan effects.","Direct official media link present on Idaho Panhandle planning page; expands prior BO chapter bundle placeholder."
"R1PLAN-idaho-panhandle-nfs-19","idaho-panhandle-nfs","Idaho Panhandle National Forests","biological_opinion_chapter","Biological Opinion Chapter 2 - Grizzly Bear","https://www.fs.usda.gov/media/229769","","core_required","source_delta_required","ESA consultation findings, terms, conditions, and species-specific plan effects.","Direct official media link present on Idaho Panhandle planning page; expands prior BO chapter bundle placeholder."
"R1PLAN-idaho-panhandle-nfs-20","idaho-panhandle-nfs","Idaho Panhandle National Forests","biological_opinion_chapter","Biological Opinion Chapter 3 - Lynx","https://www.fs.usda.gov/media/229772","","core_required","source_delta_required","ESA consultation findings, terms, conditions, and species-specific plan effects.","Direct official media link present on Idaho Panhandle planning page; expands prior BO chapter bundle placeholder."
"R1PLAN-idaho-panhandle-nfs-21","idaho-panhandle-nfs","Idaho Panhandle National Forests","biological_opinion_chapter","Biological Opinion Chapter 4 - Aquatics","https://www.fs.usda.gov/media/229775","","core_required","source_delta_required","ESA consultation findings, terms, conditions, and species-specific plan effects.","Direct official media link present on Idaho Panhandle planning page; expands prior BO chapter bundle placeholder."
"R1PLAN-idaho-panhandle-nfs-22","idaho-panhandle-nfs","Idaho Panhandle National Forests","biological_opinion_chapter","Biological Opinion Chapter 5 - Caribou","https://www.fs.usda.gov/media/229808","","core_required","source_delta_required","ESA consultation findings, terms, conditions, and species-specific plan effects.","Direct official media link present on Idaho Panhandle planning page; expands prior BO chapter bundle placeholder."
"R1PLAN-kootenai-nf-01","kootenai-nf","Kootenai National Forest","planning_page","Kootenai planning page","https://www.fs.usda.gov/r01/kootenai/planning","R1PLAN-kootenai-nf-01","currentness_required","catalog_confirmed","Forest-plan source index, ROD, FEIS, plan, amendments, monitoring, and support-document currentness.","Current workbook row retained."
"R1PLAN-kootenai-nf-02","kootenai-nf","Kootenai National Forest","primary_land_management_plan","2015 Forest Plan","https://www.fs.usda.gov/media/54624","","core_required","source_delta_required","Forestwide, geographic-area, management-area, overlay, standard, guideline, objective, suitability, and monitoring component extraction.","Direct official media link present on planning page."
"R1PLAN-kootenai-nf-03","kootenai-nf","Kootenai National Forest","record_of_decision","Record of Decision","https://www.fs.usda.gov/media/55408","","core_required","source_delta_required","Plan approval, selected alternative, decision rationale, and retained commitments.","Direct official media link present on planning page."
"R1PLAN-kootenai-nf-04","kootenai-nf","Kootenai National Forest","final_environmental_impact_statement","Final EIS","https://www.fs.usda.gov/media/54529","","core_required","source_delta_required","Plan-revision alternatives, affected environment, effects, and support for component interpretation.","Direct official media link present on planning page."
"R1PLAN-kootenai-nf-05","kootenai-nf","Kootenai National Forest","final_environmental_impact_statement_appendices","Final EIS Appendices","https://www.fs.usda.gov/media/54477","","supporting_required","source_delta_required","FEIS appendix support for plan interpretation and resource methods.","Direct official media link present on planning page."
"R1PLAN-kootenai-nf-06","kootenai-nf","Kootenai National Forest","feis_errata","Errata to the Final EIS and Appendices","https://www.fs.usda.gov/media/54644","","currentness_required","source_delta_required","Corrected FEIS/currentness support.","Direct official media link present on planning page."
"R1PLAN-kootenai-nf-07","kootenai-nf","Kootenai National Forest","plan_map","2015 Forest Plan Map","https://www.fs.usda.gov/media/54632","","supporting_required","source_delta_required","Mapped plan areas, allocations, and overlays.","Direct official media link present on planning page."
"R1PLAN-kootenai-nf-08","kootenai-nf","Kootenai National Forest","timber_suitability_map","2015 Forest Plan Timber Suitability Map","https://www.fs.usda.gov/media/202926","","supporting_required","source_delta_required","Timber suitability mapping for project-level plan consistency.","Direct official media link present on planning page."
"R1PLAN-kootenai-nf-09","kootenai-nf","Kootenai National Forest","supporting_documentation_index","Supporting Documentation - Additional Documents and Maps","https://www.fs.usda.gov/r01/kootenai/planning/kootenai-national-forest-plan-revision-supporting-documentation","","supporting_required","source_delta_required","Additional plan-revision documents and maps needed for full support-document coverage.","Expand child documents if support page includes document-level links."
"R1PLAN-kootenai-nf-10","kootenai-nf","Kootenai National Forest","forest_plan_monitoring_program","2015 Forest Plan Monitoring Program","https://www.fs.usda.gov/media/55084","","supporting_required","source_delta_required","Monitoring questions, indicators, and adaptive-management requirements.","Direct official media link present on planning page."
"R1PLAN-kootenai-nf-11","kootenai-nf","Kootenai National Forest","forest_plan_monitoring_guide","2015 Forest Plan Monitoring Guide V3","https://www.fs.usda.gov/media/54921","","supporting_required","source_delta_required","Monitoring guide used to interpret the plan monitoring program.","Direct official media link present on planning page."
"R1PLAN-kootenai-nf-12","kootenai-nf","Kootenai National Forest","latest_biennial_monitoring_evaluation_report","2021 Biennial Monitoring Evaluation Report","https://www.fs.usda.gov/media/54698","","currentness_required","source_delta_required","Most recent identified BMER on official planning page.","Confirm whether a newer BMER exists before promotion."
"R1PLAN-kootenai-nf-13","kootenai-nf","Kootenai National Forest","administrative_change","Forest Plan Winter Range Admin Change","https://www.fs.usda.gov/media/55143","","conditional_required","source_delta_required","Winter range plan direction when project facts trigger wildlife winter range or affected management areas.","Direct official media link present on planning page."
"R1PLAN-kootenai-nf-14","kootenai-nf","Kootenai National Forest","biological_opinion_chapter","Revised Forest Plan Biological Opinion - Chapter 2 Grizzly Bear","https://www.fs.usda.gov/sites/nfs/files/legacy-media/kootenai/Revised%20Forest%20Plan%20BO%20-%20Chapter%202%20Grizzly.pdf","","core_required","source_delta_required","ESA consultation findings and species-specific plan effects for grizzly bear.","Official legacy-media Forest Service PDF resolved from Kootenai forest-plan consultation record."
"R1PLAN-kootenai-nf-15","kootenai-nf","Kootenai National Forest","biological_opinion_chapter","Revised Forest Plan Biological Opinion - Chapter 3 Lynx","https://www.fs.usda.gov/sites/nfs/files/legacy-media/kootenai/Revised%20Forest%20Plan%20BO%20-%20Chapter%203%20Lynx.pdf","","core_required","source_delta_required","ESA consultation findings and species-specific plan effects for lynx.","Official legacy-media Forest Service PDF resolved from Kootenai forest-plan consultation record."
"R1PLAN-kootenai-nf-16","kootenai-nf","Kootenai National Forest","biological_opinion_chapter","Revised Forest Plan Biological Opinion - Chapter 4 Bull Trout","https://www.fs.usda.gov/sites/nfs/files/legacy-media/kootenai/Revised%20Forest%20Plan%20BO%20-%20Chapter%204%20Bull%20Trout.pdf","","core_required","source_delta_required","ESA consultation findings and species-specific plan effects for bull trout.","Official legacy-media Forest Service PDF resolved from Kootenai forest-plan consultation record."
"R1PLAN-kootenai-nf-17","kootenai-nf","Kootenai National Forest","biological_consultation_record_gap","Plan-level BA and Biological Opinion Chapter 1 source gap","https://www.fs.usda.gov/r01/kootenai/planning","","gap_required","official_source_gap_documented","Completeness tracking for plan-level ESA consultation package before corpus promotion.","Current official Kootenai planning/supporting pages expose BO chapters 2-4, but this pass did not locate a current official BA PDF or BO Chapter 1/full-package PDF."
"R1PLAN-lolo-nf-01","lolo-nf","Lolo National Forest","planning_page","Lolo planning page / forest plan revision page","https://www.fs.usda.gov/r01/lolo/planning","R1PLAN-lolo-nf-01","currentness_required","catalog_confirmed","Current 1986 plan source index, active revision index, monitoring, amendments, and support-document currentness.","Current workbook row points to revision page; use planning page for current 1986 plan documents."
"R1PLAN-lolo-nf-02","lolo-nf","Lolo National Forest","primary_land_management_plan","1986 Forest Plan and Appendices","https://www.fs.usda.gov/media/229490","","core_required","source_delta_required","Forestwide, management-area, standard, guideline, objective, suitability, and monitoring component extraction for current governing plan.","Direct official media link present on planning page."
"R1PLAN-lolo-nf-03","lolo-nf","Lolo National Forest","record_of_decision","Record of Decision","https://www.fs.usda.gov/media/229489","","core_required","source_delta_required","Plan approval, selected alternative, decision rationale, and retained commitments.","Direct official media link present on planning page."
"R1PLAN-lolo-nf-04","lolo-nf","Lolo National Forest","final_environmental_impact_statement","Final Environmental Impact Statement","https://www.fs.usda.gov/media/229492","","core_required","source_delta_required","Plan-revision alternatives, affected environment, effects, and support for component interpretation.","Direct official media link present on planning page."
"R1PLAN-lolo-nf-05","lolo-nf","Lolo National Forest","final_environmental_impact_statement_appendices","Environmental Impact Statement Appendices","https://www.fs.usda.gov/media/229491","","supporting_required","source_delta_required","FEIS appendix support for plan interpretation and resource methods.","Direct official media link present on planning page."
"R1PLAN-lolo-nf-06","lolo-nf","Lolo National Forest","biological_assessment","Biological Assessment","https://www.fs.usda.gov/media/229497","","core_required","source_delta_required","Plan-level ESA effects analysis and project-level consultation/tiering cues.","Direct official media link present on planning page."
"R1PLAN-lolo-nf-07","lolo-nf","Lolo National Forest","biological_opinion","Biological Opinion","https://www.fs.usda.gov/media/229496","","core_required","source_delta_required","Plan-level ESA consultation, terms, incidental-take, and reinitiation triggers.","Direct official media link present on planning page."
"R1PLAN-lolo-nf-08","lolo-nf","Lolo National Forest","plan_geospatial_support","Grizzly Bear Analysis Units Shapefile","https://www.fs.usda.gov/media/229498","","conditional_required","source_delta_required","Grizzly-bear analysis-unit geography when project facts trigger grizzly or NCDE/BORZ direction.","Direct official media link present on planning page."
"R1PLAN-lolo-nf-09","lolo-nf","Lolo National Forest","administrative_change","Management Area Allocation to Acquired Lands - Administrative Change to the 1986 Lolo National Forest Plan","https://www.fs.usda.gov/media/229510","","conditional_required","source_delta_required","Management-area assignment for acquired lands when project geography overlaps affected lands.","Direct official media link present on planning page."
"R1PLAN-lolo-nf-10","lolo-nf","Lolo National Forest","administrative_change_map","Maps: Assignment of Management Area Allocations to Acquired Land, Administrative Change to the Lolo National Forest Plan","https://www.fs.usda.gov/media/229513","","conditional_required","source_delta_required","Mapped management-area assignments for acquired lands.","Direct official media link present on planning page."
"R1PLAN-lolo-nf-11","lolo-nf","Lolo National Forest","latest_biennial_monitoring_evaluation_report","2021 Lolo National Forest Biennial Monitoring and Evaluation Report","https://www.fs.usda.gov/media/229504","","currentness_required","source_delta_required","Most recent identified BMER on official planning page.","Confirm whether a newer BMER exists before promotion."
"R1PLAN-lolo-nf-12","lolo-nf","Lolo National Forest","monitoring_transition_letter","2016 Monitoring transition letter to the public","https://www.fs.usda.gov/media/229503","","currentness_required","source_delta_required","Transition to 2012 Planning Rule monitoring and currentness checks.","Direct official media link present on planning page."
"R1PLAN-lolo-nf-13","lolo-nf","Lolo National Forest","monitoring_transition_information","2016 Transition information","https://www.fs.usda.gov/media/229506","","currentness_required","source_delta_required","Monitoring-program transition details needed for adaptive-management checks.","Direct official media link present on planning page."
"R1PLAN-lolo-nf-14","lolo-nf","Lolo National Forest","active_plan_revision_document_library","Lolo Forest Plan revision document library","https://www.fs.usda.gov/r01/lolo/planning/forest-plan/document-library","","supporting_required","source_delta_required","Active revision assessment, draft plan appendices, SCC material, WSR/wilderness inventories, and future-current plan support.","Treat as candidate/future-current support until a revised plan is approved."
"R1PLAN-nez-perce-clearwater-nfs-01","nez-perce-clearwater-nfs","Nez Perce-Clearwater National Forests","planning_page","Nez Perce-Clearwater planning page","https://www.fs.usda.gov/r01/nezperce-clearwater/planning","R1PLAN-nez-perce-clearwater-nfs-01","currentness_required","catalog_confirmed","Forest-plan source index, 2025 revised plan page, 1987 plan archive, project record, and support-document currentness.","Current workbook row retained."
"R1PLAN-nez-perce-clearwater-nfs-02","nez-perce-clearwater-nfs","Nez Perce-Clearwater National Forests","plan_document_set_page","2025 Nez Perce-Clearwater National Forests Revised Land Management Plan","https://www.fs.usda.gov/r01/nezperce-clearwater/planning/2025-land-management-plan","R1PLAN-nez-perce-clearwater-nfs-02","currentness_required","catalog_confirmed","2025 plan, ROD, FEIS, appendices, BA/BO, maps, and project-record index.","Current workbook row retained; split child documents below for full coverage."
"R1PLAN-nez-perce-clearwater-nfs-03","nez-perce-clearwater-nfs","Nez Perce-Clearwater National Forests","record_of_decision","Final Record of Decision","https://www.fs.usda.gov/media/59197","","core_required","source_delta_required","Plan approval, selected alternative, decision rationale, and retained commitments.","Direct official media link present on 2025 LMP page."
"R1PLAN-nez-perce-clearwater-nfs-04","nez-perce-clearwater-nfs","Nez Perce-Clearwater National Forests","notice_of_plan_approval","Notice of Plan Approval Federal Register","https://federalregister.gov/d/2024-30342","","currentness_required","source_delta_required","Plan approval notice and effective-date/publication context.","Official Federal Register link present on 2025 LMP page."
"R1PLAN-nez-perce-clearwater-nfs-05","nez-perce-clearwater-nfs","Nez Perce-Clearwater National Forests","administrative_changes","Administrative Changes to the 2025 Land Management Plan and Appendices August 11, 2025","https://www.fs.usda.gov/media/253587","","core_required","source_delta_required","Current administrative changes affecting plan direction and appendices.","Direct official media link present on 2025 LMP page."
"R1PLAN-nez-perce-clearwater-nfs-06","nez-perce-clearwater-nfs","Nez Perce-Clearwater National Forests","primary_land_management_plan","Land Management Plan","https://www.fs.usda.gov/media/253588","","core_required","source_delta_required","Forestwide, geographic-area, management-area, overlay, standard, guideline, objective, suitability, and monitoring component extraction.","Direct official media link present on 2025 LMP page."
"R1PLAN-nez-perce-clearwater-nfs-07","nez-perce-clearwater-nfs","Nez Perce-Clearwater National Forests","forest_plan_maps","Appendix 1--Maps","https://www.fs.usda.gov/media/203281","","supporting_required","source_delta_required","Mapped plan areas, allocations, and overlays.","Direct official media link present on 2025 LMP page."
"R1PLAN-nez-perce-clearwater-nfs-08","nez-perce-clearwater-nfs","Nez Perce-Clearwater National Forests","forest_plan_appendices","Appendix 2-4 and 6-7","https://www.fs.usda.gov/media/253589","","supporting_required","source_delta_required","Appendix support for plan interpretation and resource methods.","Direct official media link present on 2025 LMP page."
"R1PLAN-nez-perce-clearwater-nfs-09","nez-perce-clearwater-nfs","Nez Perce-Clearwater National Forests","northern_rockies_lynx_direction_appendix","Appendix 5 - Northern Rockies Lynx Management Direction","https://www.fs.usda.gov/media/58998","","conditional_required","source_delta_required","Lynx direction incorporated into the plan and triggered by lynx habitat/project facts.","Direct official media link present on 2025 LMP page."
"R1PLAN-nez-perce-clearwater-nfs-10","nez-perce-clearwater-nfs","Nez Perce-Clearwater National Forests","biological_assessment","Biological Assessment","https://www.fs.usda.gov/media/202430","","core_required","source_delta_required","Plan-level ESA effects analysis and project-level consultation/tiering cues.","Direct official media link present on 2025 LMP page."
"R1PLAN-nez-perce-clearwater-nfs-11","nez-perce-clearwater-nfs","Nez Perce-Clearwater National Forests","biological_assessment_supplement","November 21, 2024 Supplement to the Biological Assessment","https://www.fs.usda.gov/media/58591","","core_required","source_delta_required","Current supplement to plan-level ESA effects analysis.","Direct official media link present on 2025 LMP page."
"R1PLAN-nez-perce-clearwater-nfs-12","nez-perce-clearwater-nfs","Nez Perce-Clearwater National Forests","biological_opinion","Biological Opinion - National Marine Fisheries Service","https://www.fs.usda.gov/media/59422","","core_required","source_delta_required","Plan-level ESA consultation for anadromous fish/aquatic listed species, terms, and reinitiation triggers.","Direct official media link present on 2025 LMP page."
"R1PLAN-nez-perce-clearwater-nfs-13","nez-perce-clearwater-nfs","Nez Perce-Clearwater National Forests","biological_opinion","Biological Opinion - US Fish and Wildlife Service","https://www.fs.usda.gov/media/58456","","core_required","source_delta_required","Plan-level ESA consultation for USFWS-listed species, terms, and reinitiation triggers.","Direct official media link present on 2025 LMP page."
"R1PLAN-nez-perce-clearwater-nfs-14","nez-perce-clearwater-nfs","Nez Perce-Clearwater National Forests","notice_of_availability","Notice of Availability Federal Register","https://federalregister.gov/d/2025-00363","","currentness_required","source_delta_required","FEIS notice and currentness/publication context.","Official Federal Register link present on 2025 LMP page."
"R1PLAN-nez-perce-clearwater-nfs-15","nez-perce-clearwater-nfs","Nez Perce-Clearwater National Forests","final_environmental_impact_statement","Final Environmental Impact Statement","https://www.fs.usda.gov/media/203282","","core_required","source_delta_required","Plan-revision alternatives, affected environment, effects, and support for component interpretation.","Direct official media link present on 2025 LMP page."
"R1PLAN-nez-perce-clearwater-nfs-16","nez-perce-clearwater-nfs","Nez Perce-Clearwater National Forests","final_environmental_impact_statement_appendices","FEIS Appendices","https://www.fs.usda.gov/media/203306","","supporting_required","source_delta_required","FEIS appendix support for plan interpretation and resource methods.","Direct official media link present on 2025 LMP page."
"R1PLAN-nez-perce-clearwater-nfs-17","nez-perce-clearwater-nfs","Nez Perce-Clearwater National Forests","plan_map_bundle","Management Areas, Recommended Wilderness, and Suitable Wild and Scenic Rivers map bundle","https://www.fs.usda.gov/media/58872","","supporting_required","source_delta_required","Core map packet for management areas, recommended wilderness, suitable WSRs, and project-location resolution.","Direct official media link present on 2025 LMP page."
"R1PLAN-nez-perce-clearwater-nfs-18","nez-perce-clearwater-nfs","Nez Perce-Clearwater National Forests","project_record","Plan revision project record","https://usfs-public.box.com/s/a6tlve91fe1ma9u4hgfggd12oj8xmnwv","","supporting_required","source_delta_required","Administrative record support for plan interpretation, objections, and source traceability.","Official Box project-record link present on planning page."
